run_id,started_utc,language,variant,repeat,particles,measured_frames,warmup_frames,theta,seed,requested_threads,effective_threads,input,tree_ms_per_frame,force_update_ms_per_frame,cleanup_ms_per_frame,total_ms_per_frame,total_run_ms,version,commit,log
run,2026-08-26T07:53:38Z,cpp,v2,1,100000,5,2,0.3,1337,16,1,results/manuscript/v1.1.2/fig2/input_100000_seed1337.txt,44.231440,557.655860,14.939580,616.826880000,3084.134400,1.1.2,c270e2c0ecc91c1153ec0fc4d0a440ff1e38dcb0,results/manuscript/v1.1.2/fig2/run/logs/cpp_v2_1.log
run,2026-08-26T07:53:43Z,cpp,v2,2,100000,5,2,0.3,1337,16,1,results/manuscript/v1.1.2/fig2/input_100000_seed1337.txt,41.801940,598.514280,14.479000,654.795220000,3273.976100,1.1.2,c270e2c0ecc91c1153ec0fc4d0a440ff1e38dcb0,results/manuscript/v1.1.2/fig2/run/logs/cpp_v2_2.log
run,2026-08-26T07:53:49Z,cpp,v2,3,100000,5,2,0.3,1337,16,1,results/manuscript/v1.1.2/fig2/input_100000_seed1337.txt,45.683880,594.462820,18.624900,658.771600000,3293.858000,1.1.2,c270e2c0ecc91c1153ec0fc4d0a440ff1e38dcb0,results/manuscript/v1.1.2/fig2/run/logs/cpp_v2_3.log
run,2026-08-26T07:53:55Z,cpp,v2,4,100000,5,2,0.3,1337,16,1,results/manuscript/v1.1.2/fig2/input_100000_seed1337.txt,46.193280,623.888020,19.160440,689.241740000,3446.208700,1.1.2,c270e2c0ecc91c1153ec0fc4d0a440ff1e38dcb0,results/manuscript/v1.1.2/fig2/run/logs/cpp_v2_4.log
run,2026-08-26T07:54:01Z,cpp,v2,5,100000,5,2,0.3,1337,16,1,results/manuscript/v1.1.2/fig2/input_100000_seed1337.txt,46.460460,597.701280,18.401100,662.562840000,3312.814200,1.1.2,c270e2c0ecc91c1153ec0fc4d0a440ff1e38dcb0,results/manuscript/v1.1.2/fig2/run/logs/cpp_v2_5.log
run,2026-08-26T07:54:07Z,cpp,v2,6,100000,5,2,0.3,1337,16,1,results/manuscript/v1.1.2/fig2/input_100000_seed1337.txt,49.885640,625.143400,24.303940,699.332980000,3496.664900,1.1.2,c270e2c0ecc91c1153ec0fc4d0a440ff1e38dcb0,results/manuscript/v1.1.2/fig2/run/logs/cpp_v2_6.log
run,2026-08-26T07:54:13Z,cpp,v2,7,100000,5,2,0.3,1337,16,1,results/manuscript/v1.1.2/fig2/input_100000_seed1337.txt,38.299580,490.105480,11.272160,539.677220000,2698.386100,1.1.2,c270e2c0ecc91c1153ec0fc4d0a440ff1e38dcb0,results/manuscript/v1.1.2/fig2/run/logs/cpp_v2_7.log
run,2026-08-26T07:54:18Z,cpp,v2,8,100000,5,2,0.3,1337,16,1,results/manuscript/v1.1.2/fig2/input_100000_seed1337.txt,38.786340,480.017180,11.944560,530.748080000,2653.740400,1.1.2,c270e2c0ecc91c1153ec0fc4d0a440ff1e38dcb0,results/manuscript/v1.1.2/fig2/run/logs/cpp_v2_8.log
run,2026-08-26T07:54:23Z,cpp,v2,9,100000,5,2,0.3,1337,16,1,results/manuscript/v1.1.2/fig2/input_100000_seed1337.txt,42.697860,500.405420,14.850100,557.953380000,2789.766900,1.1.2,c270e2c0ecc91c1153ec0fc4d0a440ff1e38dcb0,results/manuscript/v1.1.2/fig2/run/logs/cpp_v2_9.log
run,2026-08-26T07:54:29Z,cpp,v2,10,100000,5,2,0.3,1337,16,1,results/manuscript/v1.1.2/fig2/input_100000_seed1337.txt,39.147400,468.691760,11.105900,518.945060000,2594.725300,1.1.2,c270e2c0ecc91c1153ec0fc4d0a440ff1e38dcb0,results/manuscript/v1.1.2/fig2/run/logs/cpp_v2_10.log
run,2026-08-26T07:54:34Z,cpp,v3,1,100000,5,2,0.3,1337,16,1,results/manuscript/v1.1.2/fig2/input_100000_seed1337.txt,17.001840,430.796860,0.000000,447.798700000,2238.993500,1.1.2,c270e2c0ecc91c1153ec0fc4d0a440ff1e38dcb0,results/manuscript/v1.1.2/fig2/run/logs/cpp_v3_1.log
run,2026-08-26T07:54:38Z,cpp,v3,2,100000,5,2,0.3,1337,16,1,results/manuscript/v1.1.2/fig2/input_100000_seed1337.txt,16.559220,403.819320,0.000000,420.378540000,2101.892700,1.1.2,c270e2c0ecc91c1153ec0fc4d0a440ff1e38dcb0,results/manuscript/v1.1.2/fig2/run/logs/cpp_v3_2.log
run,2026-08-26T07:54:42Z,cpp,v3,3,100000,5,2,0.3,1337,16,1,results/manuscript/v1.1.2/fig2/input_100000_seed1337.txt,16.691860,402.148300,0.000000,418.840160000,2094.200800,1.1.2,c270e2c0ecc91c1153ec0fc4d0a440ff1e38dcb0,results/manuscript/v1.1.2/fig2/run/logs/cpp_v3_3.log
run,2026-08-26T07:54:47Z,cpp,v3,4,100000,5,2,0.3,1337,16,1,results/manuscript/v1.1.2/fig2/input_100000_seed1337.txt,17.714200,462.725860,0.000000,480.440060000,2402.200300,1.1.2,c270e2c0ecc91c1153ec0fc4d0a440ff1e38dcb0,results/manuscript/v1.1.2/fig2/run/logs/cpp_v3_4.log
run,2026-08-26T07:54:52Z,cpp,v3,5,100000,5,2,0.3,1337,16,1,results/manuscript/v1.1.2/fig2/input_100000_seed1337.txt,17.022840,412.871320,0.000000,429.894160000,2149.470800,1.1.2,c270e2c0ecc91c1153ec0fc4d0a440ff1e38dcb0,results/manuscript/v1.1.2/fig2/run/logs/cpp_v3_5.log
run,2026-08-26T07:54:56Z,cpp,v3,6,100000,5,2,0.3,1337,16,1,results/manuscript/v1.1.2/fig2/input_100000_seed1337.txt,16.853520,414.895420,0.000000,431.748940000,2158.744700,1.1.2,c270e2c0ecc91c1153ec0fc4d0a440ff1e38dcb0,results/manuscript/v1.1.2/fig2/run/logs/cpp_v3_6.log
run,2026-08-26T07:55:00Z,cpp,v3,7,100000,5,2,0.3,1337,16,1,results/manuscript/v1.1.2/fig2/input_100000_seed1337.txt,16.989800,419.937940,0.000000,436.927740000,2184.638700,1.1.2,c270e2c0ecc91c1153ec0fc4d0a440ff1e38dcb0,results/manuscript/v1.1.2/fig2/run/logs/cpp_v3_7.log
run,2026-08-26T07:55:05Z,cpp,v3,8,100000,5,2,0.3,1337,16,1,results/manuscript/v1.1.2/fig2/input_100000_seed1337.txt,17.670460,441.153080,0.000000,458.823540000,2294.117700,1.1.2,c270e2c0ecc91c1153ec0fc4d0a440ff1e38dcb0,results/manuscript/v1.1.2/fig2/run/logs/cpp_v3_8.log
run,2026-08-26T07:55:09Z,cpp,v3,9,100000,5,2,0.3,1337,16,1,results/manuscript/v1.1.2/fig2/input_100000_seed1337.txt,17.482820,410.939480,0.000000,428.422300000,2142.111500,1.1.2,c270e2c0ecc91c1153ec0fc4d0a440ff1e38dcb0,results/manuscript/v1.1.2/fig2/run/logs/cpp_v3_9.log
run,2026-08-26T07:55:14Z,cpp,v3,10,100000,5,2,0.3,1337,16,1,results/manuscript/v1.1.2/fig2/input_100000_seed1337.txt,16.504420,422.186960,0.000000,438.691380000,2193.456900,1.1.2,c270e2c0ecc91c1153ec0fc4d0a440ff1e38dcb0,results/manuscript/v1.1.2/fig2/run/logs/cpp_v3_10.log
run,2026-08-26T07:55:18Z,cpp,v4,1,100000,5,2,0.3,1337,16,1,results/manuscript/v1.1.2/fig2/input_100000_seed1337.txt,18.997600,395.174580,0.000000,414.172180000,2070.860900,1.1.2,c270e2c0ecc91c1153ec0fc4d0a440ff1e38dcb0,results/manuscript/v1.1.2/fig2/run/logs/cpp_v4_1.log
run,2026-08-26T07:55:23Z,cpp,v4,2,100000,5,2,0.3,1337,16,1,results/manuscript/v1.1.2/fig2/input_100000_seed1337.txt,18.364700,386.403960,0.000000,404.768660000,2023.843300,1.1.2,c270e2c0ecc91c1153ec0fc4d0a440ff1e38dcb0,results/manuscript/v1.1.2/fig2/run/logs/cpp_v4_2.log
run,2026-08-26T07:55:27Z,cpp,v4,3,100000,5,2,0.3,1337,16,1,results/manuscript/v1.1.2/fig2/input_100000_seed1337.txt,18.437060,392.230620,0.000000,410.667680000,2053.338400,1.1.2,c270e2c0ecc91c1153ec0fc4d0a440ff1e38dcb0,results/manuscript/v1.1.2/fig2/run/logs/cpp_v4_3.log
run,2026-08-26T07:55:31Z,cpp,v4,4,100000,5,2,0.3,1337,16,1,results/manuscript/v1.1.2/fig2/input_100000_seed1337.txt,18.763240,394.683460,0.000000,413.446700000,2067.233500,1.1.2,c270e2c0ecc91c1153ec0fc4d0a440ff1e38dcb0,results/manuscript/v1.1.2/fig2/run/logs/cpp_v4_4.log
run,2026-08-26T07:55:36Z,cpp,v4,5,100000,5,2,0.3,1337,16,1,results/manuscript/v1.1.2/fig2/input_100000_seed1337.txt,19.933240,397.052100,0.000000,416.985340000,2084.926700,1.1.2,c270e2c0ecc91c1153ec0fc4d0a440ff1e38dcb0,results/manuscript/v1.1.2/fig2/run/logs/cpp_v4_5.log
run,2026-08-26T07:55:40Z,cpp,v4,6,100000,5,2,0.3,1337,16,1,results/manuscript/v1.1.2/fig2/input_100000_seed1337.txt,18.685000,395.742880,0.000000,414.427880000,2072.139400,1.1.2,c270e2c0ecc91c1153ec0fc4d0a440ff1e38dcb0,results/manuscript/v1.1.2/fig2/run/logs/cpp_v4_6.log
run,2026-08-26T07:55:44Z,cpp,v4,7,100000,5,2,0.3,1337,16,1,results/manuscript/v1.1.2/fig2/input_100000_seed1337.txt,20.364280,410.951840,0.000000,431.316120000,2156.580600,1.1.2,c270e2c0ecc91c1153ec0fc4d0a440ff1e38dcb0,results/manuscript/v1.1.2/fig2/run/logs/cpp_v4_7.log
run,2026-08-26T07:55:49Z,cpp,v4,8,100000,5,2,0.3,1337,16,1,results/manuscript/v1.1.2/fig2/input_100000_seed1337.txt,17.880640,386.942120,0.000000,404.822760000,2024.113800,1.1.2,c270e2c0ecc91c1153ec0fc4d0a440ff1e38dcb0,results/manuscript/v1.1.2/fig2/run/logs/cpp_v4_8.log
run,2026-08-26T07:55:53Z,cpp,v4,9,100000,5,2,0.3,1337,16,1,results/manuscript/v1.1.2/fig2/input_100000_seed1337.txt,19.561320,416.770780,0.000000,436.332100000,2181.660500,1.1.2,c270e2c0ecc91c1153ec0fc4d0a440ff1e38dcb0,results/manuscript/v1.1.2/fig2/run/logs/cpp_v4_9.log
run,2026-08-26T07:55:57Z,cpp,v4,10,100000,5,2,0.3,1337,16,1,results/manuscript/v1.1.2/fig2/input_100000_seed1337.txt,18.727060,387.573520,0.000000,406.300580000,2031.502900,1.1.2,c270e2c0ecc91c1153ec0fc4d0a440ff1e38dcb0,results/manuscript/v1.1.2/fig2/run/logs/cpp_v4_10.log
run,2026-08-26T07:56:02Z,cpp,v5,1,100000,5,2,0.3,1337,16,16,results/manuscript/v1.1.2/fig2/input_100000_seed1337.txt,19.757540,39.733060,0.000000,59.490600000,297.453000,1.1.2,c270e2c0ecc91c1153ec0fc4d0a440ff1e38dcb0,results/manuscript/v1.1.2/fig2/run/logs/cpp_v5_1.log
run,2026-08-26T07:56:04Z,cpp,v5,2,100000,5,2,0.3,1337,16,16,results/manuscript/v1.1.2/fig2/input_100000_seed1337.txt,17.994860,34.800200,0.000000,52.795060000,263.975300,1.1.2,c270e2c0ecc91c1153ec0fc4d0a440ff1e38dcb0,results/manuscript/v1.1.2/fig2/run/logs/cpp_v5_2.log
run,2026-08-26T07:56:05Z,cpp,v5,3,100000,5,2,0.3,1337,16,16,results/manuscript/v1.1.2/fig2/input_100000_seed1337.txt,18.792960,34.689480,0.000000,53.482440000,267.412200,1.1.2,c270e2c0ecc91c1153ec0fc4d0a440ff1e38dcb0,results/manuscript/v1.1.2/fig2/run/logs/cpp_v5_3.log
run,2026-08-26T07:56:07Z,cpp,v5,4,100000,5,2,0.3,1337,16,16,results/manuscript/v1.1.2/fig2/input_100000_seed1337.txt,19.804700,38.960760,0.000000,58.765460000,293.827300,1.1.2,c270e2c0ecc91c1153ec0fc4d0a440ff1e38dcb0,results/manuscript/v1.1.2/fig2/run/logs/cpp_v5_4.log
run,2026-08-26T07:56:09Z,cpp,v5,5,100000,5,2,0.3,1337,16,16,results/manuscript/v1.1.2/fig2/input_100000_seed1337.txt,20.512460,40.145820,0.000000,60.658280000,303.291400,1.1.2,c270e2c0ecc91c1153ec0fc4d0a440ff1e38dcb0,results/manuscript/v1.1.2/fig2/run/logs/cpp_v5_5.log
run,2026-08-26T07:56:11Z,cpp,v5,6,100000,5,2,0.3,1337,16,16,results/manuscript/v1.1.2/fig2/input_100000_seed1337.txt,18.260080,35.909240,0.000000,54.169320000,270.846600,1.1.2,c270e2c0ecc91c1153ec0fc4d0a440ff1e38dcb0,results/manuscript/v1.1.2/fig2/run/logs/cpp_v5_6.log
run,2026-08-26T07:56:13Z,cpp,v5,7,100000,5,2,0.3,1337,16,16,results/manuscript/v1.1.2/fig2/input_100000_seed1337.txt,18.372800,34.926500,0.000000,53.299300000,266.496500,1.1.2,c270e2c0ecc91c1153ec0fc4d0a440ff1e38dcb0,results/manuscript/v1.1.2/fig2/run/logs/cpp_v5_7.log
run,2026-08-26T07:56:14Z,cpp,v5,8,100000,5,2,0.3,1337,16,16,results/manuscript/v1.1.2/fig2/input_100000_seed1337.txt,18.754960,34.645800,0.000000,53.400760000,267.003800,1.1.2,c270e2c0ecc91c1153ec0fc4d0a440ff1e38dcb0,results/manuscript/v1.1.2/fig2/run/logs/cpp_v5_8.log
run,2026-08-26T07:56:16Z,cpp,v5,9,100000,5,2,0.3,1337,16,16,results/manuscript/v1.1.2/fig2/input_100000_seed1337.txt,18.669640,38.744740,0.000000,57.414380000,287.071900,1.1.2,c270e2c0ecc91c1153ec0fc4d0a440ff1e38dcb0,results/manuscript/v1.1.2/fig2/run/logs/cpp_v5_9.log
run,2026-08-26T07:56:18Z,cpp,v5,10,100000,5,2,0.3,1337,16,16,results/manuscript/v1.1.2/fig2/input_100000_seed1337.txt,19.591120,38.189640,0.000000,57.780760000,288.903800,1.1.2,c270e2c0ecc91c1153ec0fc4d0a440ff1e38dcb0,results/manuscript/v1.1.2/fig2/run/logs/cpp_v5_10.log
run,2026-08-26T07:56:20Z,rust,v2,1,100000,5,2,0.3,1337,16,1,results/manuscript/v1.1.2/fig2/input_100000_seed1337.txt,41.3480,501.1855,11.7105,554.243960000,2771.2198,1.1.2,c270e2c0ecc91c1153ec0fc4d0a440ff1e38dcb0,results/manuscript/v1.1.2/fig2/run/logs/rust_v2_1.log
run,2026-08-26T07:56:24Z,rust,v2,2,100000,5,2,0.3,1337,16,1,results/manuscript/v1.1.2/fig2/input_100000_seed1337.txt,39.6262,509.0973,15.5213,564.244800000,2821.2240,1.1.2,c270e2c0ecc91c1153ec0fc4d0a440ff1e38dcb0,results/manuscript/v1.1.2/fig2/run/logs/rust_v2_2.log
run,2026-08-26T07:56:28Z,rust,v2,3,100000,5,2,0.3,1337,16,1,results/manuscript/v1.1.2/fig2/input_100000_seed1337.txt,36.6354,474.0050,11.7563,522.396700000,2611.9835,1.1.2,c270e2c0ecc91c1153ec0fc4d0a440ff1e38dcb0,results/manuscript/v1.1.2/fig2/run/logs/rust_v2_3.log
run,2026-08-26T07:56:32Z,rust,v2,4,100000,5,2,0.3,1337,16,1,results/manuscript/v1.1.2/fig2/input_100000_seed1337.txt,40.9345,505.7433,12.8983,559.576120000,2797.8806,1.1.2,c270e2c0ecc91c1153ec0fc4d0a440ff1e38dcb0,results/manuscript/v1.1.2/fig2/run/logs/rust_v2_4.log
run,2026-08-26T07:56:36Z,rust,v2,5,100000,5,2,0.3,1337,16,1,results/manuscript/v1.1.2/fig2/input_100000_seed1337.txt,39.8401,536.6450,13.8645,590.349580000,2951.7479,1.1.2,c270e2c0ecc91c1153ec0fc4d0a440ff1e38dcb0,results/manuscript/v1.1.2/fig2/run/logs/rust_v2_5.log
run,2026-08-26T07:56:41Z,rust,v2,6,100000,5,2,0.3,1337,16,1,results/manuscript/v1.1.2/fig2/input_100000_seed1337.txt,37.1850,485.3792,11.3016,533.865740000,2669.3287,1.1.2,c270e2c0ecc91c1153ec0fc4d0a440ff1e38dcb0,results/manuscript/v1.1.2/fig2/run/logs/rust_v2_6.log
run,2026-08-26T07:56:45Z,rust,v2,7,100000,5,2,0.3,1337,16,1,results/manuscript/v1.1.2/fig2/input_100000_seed1337.txt,39.3772,506.0185,11.2121,556.607860000,2783.0393,1.1.2,c270e2c0ecc91c1153ec0fc4d0a440ff1e38dcb0,results/manuscript/v1.1.2/fig2/run/logs/rust_v2_7.log
run,2026-08-26T07:56:49Z,rust,v2,8,100000,5,2,0.3,1337,16,1,results/manuscript/v1.1.2/fig2/input_100000_seed1337.txt,36.8439,483.5428,10.5768,530.963460000,2654.8173,1.1.2,c270e2c0ecc91c1153ec0fc4d0a440ff1e38dcb0,results/manuscript/v1.1.2/fig2/run/logs/rust_v2_8.log
run,2026-08-26T07:56:53Z,rust,v2,9,100000,5,2,0.3,1337,16,1,results/manuscript/v1.1.2/fig2/input_100000_seed1337.txt,37.4535,474.7107,10.4577,522.621900000,2613.1095,1.1.2,c270e2c0ecc91c1153ec0fc4d0a440ff1e38dcb0,results/manuscript/v1.1.2/fig2/run/logs/rust_v2_9.log
run,2026-08-26T07:56:57Z,rust,v2,10,100000,5,2,0.3,1337,16,1,results/manuscript/v1.1.2/fig2/input_100000_seed1337.txt,46.4877,531.8523,13.7106,592.050640000,2960.2532,1.1.2,c270e2c0ecc91c1153ec0fc4d0a440ff1e38dcb0,results/manuscript/v1.1.2/fig2/run/logs/rust_v2_10.log
run,2026-08-26T07:57:01Z,rust,v3,1,100000,5,2,0.3,1337,16,1,results/manuscript/v1.1.2/fig2/input_100000_seed1337.txt,18.0683,460.0828,0.0000,478.151080000,2390.7554,1.1.2,c270e2c0ecc91c1153ec0fc4d0a440ff1e38dcb0,results/manuscript/v1.1.2/fig2/run/logs/rust_v3_1.log
run,2026-08-26T07:57:04Z,rust,v3,2,100000,5,2,0.3,1337,16,1,results/manuscript/v1.1.2/fig2/input_100000_seed1337.txt,19.0188,461.5688,0.0000,480.587520000,2402.9376,1.1.2,c270e2c0ecc91c1153ec0fc4d0a440ff1e38dcb0,results/manuscript/v1.1.2/fig2/run/logs/rust_v3_2.log
run,2026-08-26T07:57:08Z,rust,v3,3,100000,5,2,0.3,1337,16,1,results/manuscript/v1.1.2/fig2/input_100000_seed1337.txt,17.6513,446.7375,0.0000,464.388760000,2321.9438,1.1.2,c270e2c0ecc91c1153ec0fc4d0a440ff1e38dcb0,results/manuscript/v1.1.2/fig2/run/logs/rust_v3_3.log
run,2026-08-26T07:57:12Z,rust,v3,4,100000,5,2,0.3,1337,16,1,results/manuscript/v1.1.2/fig2/input_100000_seed1337.txt,17.6156,448.1329,0.0000,465.748520000,2328.7426,1.1.2,c270e2c0ecc91c1153ec0fc4d0a440ff1e38dcb0,results/manuscript/v1.1.2/fig2/run/logs/rust_v3_4.log
run,2026-08-26T07:57:15Z,rust,v3,5,100000,5,2,0.3,1337,16,1,results/manuscript/v1.1.2/fig2/input_100000_seed1337.txt,17.9151,469.0304,0.0000,486.945540000,2434.7277,1.1.2,c270e2c0ecc91c1153ec0fc4d0a440ff1e38dcb0,results/manuscript/v1.1.2/fig2/run/logs/rust_v3_5.log
run,2026-08-26T07:57:19Z,rust,v3,6,100000,5,2,0.3,1337,16,1,results/manuscript/v1.1.2/fig2/input_100000_seed1337.txt,18.0140,464.3332,0.0000,482.347220000,2411.7361,1.1.2,c270e2c0ecc91c1153ec0fc4d0a440ff1e38dcb0,results/manuscript/v1.1.2/fig2/run/logs/rust_v3_6.log
run,2026-08-26T07:57:22Z,rust,v3,7,100000,5,2,0.3,1337,16,1,results/manuscript/v1.1.2/fig2/input_100000_seed1337.txt,18.8660,474.1709,0.0000,493.036960000,2465.1848,1.1.2,c270e2c0ecc91c1153ec0fc4d0a440ff1e38dcb0,results/manuscript/v1.1.2/fig2/run/logs/rust_v3_7.log
run,2026-08-26T07:57:26Z,rust,v3,8,100000,5,2,0.3,1337,16,1,results/manuscript/v1.1.2/fig2/input_100000_seed1337.txt,20.6872,457.7675,0.0000,478.454620000,2392.2731,1.1.2,c270e2c0ecc91c1153ec0fc4d0a440ff1e38dcb0,results/manuscript/v1.1.2/fig2/run/logs/rust_v3_8.log
run,2026-08-26T07:57:30Z,rust,v3,9,100000,5,2,0.3,1337,16,1,results/manuscript/v1.1.2/fig2/input_100000_seed1337.txt,19.1477,480.0329,0.0000,499.180600000,2495.9030,1.1.2,c270e2c0ecc91c1153ec0fc4d0a440ff1e38dcb0,results/manuscript/v1.1.2/fig2/run/logs/rust_v3_9.log
run,2026-08-26T07:57:33Z,rust,v3,10,100000,5,2,0.3,1337,16,1,results/manuscript/v1.1.2/fig2/input_100000_seed1337.txt,18.6750,470.3711,0.0000,489.046120000,2445.2306,1.1.2,c270e2c0ecc91c1153ec0fc4d0a440ff1e38dcb0,results/manuscript/v1.1.2/fig2/run/logs/rust_v3_10.log
run,2026-08-26T07:57:37Z,rust,v4,1,100000,5,2,0.3,1337,16,1,results/manuscript/v1.1.2/fig2/input_100000_seed1337.txt,26.6068,395.4972,0.0000,422.103980000,2110.5199,1.1.2,c270e2c0ecc91c1153ec0fc4d0a440ff1e38dcb0,results/manuscript/v1.1.2/fig2/run/logs/rust_v4_1.log
run,2026-08-26T07:57:40Z,rust,v4,2,100000,5,2,0.3,1337,16,1,results/manuscript/v1.1.2/fig2/input_100000_seed1337.txt,19.9258,381.5542,0.0000,401.479920000,2007.3996,1.1.2,c270e2c0ecc91c1153ec0fc4d0a440ff1e38dcb0,results/manuscript/v1.1.2/fig2/run/logs/rust_v4_2.log
run,2026-08-26T07:57:43Z,rust,v4,3,100000,5,2,0.3,1337,16,1,results/manuscript/v1.1.2/fig2/input_100000_seed1337.txt,20.3057,380.8635,0.0000,401.169200000,2005.8460,1.1.2,c270e2c0ecc91c1153ec0fc4d0a440ff1e38dcb0,results/manuscript/v1.1.2/fig2/run/logs/rust_v4_3.log
run,2026-08-26T07:57:46Z,rust,v4,4,100000,5,2,0.3,1337,16,1,results/manuscript/v1.1.2/fig2/input_100000_seed1337.txt,19.7181,398.3952,0.0000,418.113280000,2090.5664,1.1.2,c270e2c0ecc91c1153ec0fc4d0a440ff1e38dcb0,results/manuscript/v1.1.2/fig2/run/logs/rust_v4_4.log
run,2026-08-26T07:57:49Z,rust,v4,5,100000,5,2,0.3,1337,16,1,results/manuscript/v1.1.2/fig2/input_100000_seed1337.txt,19.9231,379.9168,0.0000,399.839840000,1999.1992,1.1.2,c270e2c0ecc91c1153ec0fc4d0a440ff1e38dcb0,results/manuscript/v1.1.2/fig2/run/logs/rust_v4_5.log
run,2026-08-26T07:57:53Z,rust,v4,6,100000,5,2,0.3,1337,16,1,results/manuscript/v1.1.2/fig2/input_100000_seed1337.txt,20.4136,381.6772,0.0000,402.090740000,2010.4537,1.1.2,c270e2c0ecc91c1153ec0fc4d0a440ff1e38dcb0,results/manuscript/v1.1.2/fig2/run/logs/rust_v4_6.log
run,2026-08-26T07:57:56Z,rust,v4,7,100000,5,2,0.3,1337,16,1,results/manuscript/v1.1.2/fig2/input_100000_seed1337.txt,20.2634,395.4981,0.0000,415.761520000,2078.8076,1.1.2,c270e2c0ecc91c1153ec0fc4d0a440ff1e38dcb0,results/manuscript/v1.1.2/fig2/run/logs/rust_v4_7.log
run,2026-08-26T07:57:59Z,rust,v4,8,100000,5,2,0.3,1337,16,1,results/manuscript/v1.1.2/fig2/input_100000_seed1337.txt,20.2809,379.7914,0.0000,400.072300000,2000.3615,1.1.2,c270e2c0ecc91c1153ec0fc4d0a440ff1e38dcb0,results/manuscript/v1.1.2/fig2/run/logs/rust_v4_8.log
run,2026-08-26T07:58:02Z,rust,v4,9,100000,5,2,0.3,1337,16,1,results/manuscript/v1.1.2/fig2/input_100000_seed1337.txt,20.6048,380.1201,0.0000,400.724880000,2003.6244,1.1.2,c270e2c0ecc91c1153ec0fc4d0a440ff1e38dcb0,results/manuscript/v1.1.2/fig2/run/logs/rust_v4_9.log
run,2026-08-26T07:58:05Z,rust,v4,10,100000,5,2,0.3,1337,16,1,results/manuscript/v1.1.2/fig2/input_100000_seed1337.txt,21.5853,404.8375,0.0000,426.422860000,2132.1143,1.1.2,c270e2c0ecc91c1153ec0fc4d0a440ff1e38dcb0,results/manuscript/v1.1.2/fig2/run/logs/rust_v4_10.log
run,2026-08-26T07:58:08Z,rust,v5,1,100000,5,2,0.3,1337,16,16,results/manuscript/v1.1.2/fig2/input_100000_seed1337.txt,23.5836,35.4247,0.0000,59.008260000,295.0413,1.1.2,c270e2c0ecc91c1153ec0fc4d0a440ff1e38dcb0,results/manuscript/v1.1.2/fig2/run/logs/rust_v5_1.log
run,2026-08-26T07:58:09Z,rust,v5,2,100000,5,2,0.3,1337,16,16,results/manuscript/v1.1.2/fig2/input_100000_seed1337.txt,21.6242,35.8243,0.0000,57.448540000,287.2427,1.1.2,c270e2c0ecc91c1153ec0fc4d0a440ff1e38dcb0,results/manuscript/v1.1.2/fig2/run/logs/rust_v5_2.log
run,2026-08-26T07:58:09Z,rust,v5,3,100000,5,2,0.3,1337,16,16,results/manuscript/v1.1.2/fig2/input_100000_seed1337.txt,20.5995,32.4048,0.0000,53.004300000,265.0215,1.1.2,c270e2c0ecc91c1153ec0fc4d0a440ff1e38dcb0,results/manuscript/v1.1.2/fig2/run/logs/rust_v5_3.log
run,2026-08-26T07:58:10Z,rust,v5,4,100000,5,2,0.3,1337,16,16,results/manuscript/v1.1.2/fig2/input_100000_seed1337.txt,22.5294,35.0232,0.0000,57.552600000,287.7630,1.1.2,c270e2c0ecc91c1153ec0fc4d0a440ff1e38dcb0,results/manuscript/v1.1.2/fig2/run/logs/rust_v5_4.log
run,2026-08-26T07:58:11Z,rust,v5,5,100000,5,2,0.3,1337,16,16,results/manuscript/v1.1.2/fig2/input_100000_seed1337.txt,21.0370,33.7425,0.0000,54.779580000,273.8979,1.1.2,c270e2c0ecc91c1153ec0fc4d0a440ff1e38dcb0,results/manuscript/v1.1.2/fig2/run/logs/rust_v5_5.log
run,2026-08-26T07:58:11Z,rust,v5,6,100000,5,2,0.3,1337,16,16,results/manuscript/v1.1.2/fig2/input_100000_seed1337.txt,22.6488,36.9737,0.0000,59.622460000,298.1123,1.1.2,c270e2c0ecc91c1153ec0fc4d0a440ff1e38dcb0,results/manuscript/v1.1.2/fig2/run/logs/rust_v5_6.log
run,2026-08-26T07:58:12Z,rust,v5,7,100000,5,2,0.3,1337,16,16,results/manuscript/v1.1.2/fig2/input_100000_seed1337.txt,23.4358,34.0422,0.0000,57.477980000,287.3899,1.1.2,c270e2c0ecc91c1153ec0fc4d0a440ff1e38dcb0,results/manuscript/v1.1.2/fig2/run/logs/rust_v5_7.log
run,2026-08-26T07:58:13Z,rust,v5,8,100000,5,2,0.3,1337,16,16,results/manuscript/v1.1.2/fig2/input_100000_seed1337.txt,22.5872,35.2561,0.0000,57.843340000,289.2167,1.1.2,c270e2c0ecc91c1153ec0fc4d0a440ff1e38dcb0,results/manuscript/v1.1.2/fig2/run/logs/rust_v5_8.log
run,2026-08-26T07:58:13Z,rust,v5,9,100000,5,2,0.3,1337,16,16,results/manuscript/v1.1.2/fig2/input_100000_seed1337.txt,23.1781,35.0818,0.0000,58.259920000,291.2996,1.1.2,c270e2c0ecc91c1153ec0fc4d0a440ff1e38dcb0,results/manuscript/v1.1.2/fig2/run/logs/rust_v5_9.log
run,2026-08-26T07:58:14Z,rust,v5,10,100000,5,2,0.3,1337,16,16,results/manuscript/v1.1.2/fig2/input_100000_seed1337.txt,22.0795,34.7357,0.0000,56.815140000,284.0757,1.1.2,c270e2c0ecc91c1153ec0fc4d0a440ff1e38dcb0,results/manuscript/v1.1.2/fig2/run/logs/rust_v5_10.log
